,Seq,Time,ACCx,ACCy,ACCz,ADGx,ADGy,ADGz,Keydown
0,1,1566440622468,-0.18679999,0.28959998,-0.8499,9.371298,0.1602104,1.2601451000000001,-1
